id,origin,destination,distance,type,amount,unit,dest_name,expiry
EGCK-1785481660-2800,EGCK,EGCK,0,PLEASURE,4,passengers,Caernarfon,1785740860
KDDC-1785481660-1440,KDDC,KLUD,295,PAX,9,passengers,Decatur Muni,1785827260
KDDC-1785481660-5933,KDDC,KJYR,217,PAX,2,passengers,York Municipal,1785740860
KDDC-1785481660-7873,KDDC,KHFJ,289,PAX,8,passengers,Monett Regl,1785827260
KDDC-1785481660-5825,KDDC,KBJC,273,PAX,5,passengers,Rocky Mountain Metro,1785913660
EGNX-1785481660-7658,EGNX,LFPG,272,PAX,6,passengers,Paris - Charles De Gaulle,1785740860
EGNX-1785481660-5110,EGNX,LFGH,367,PAX,1,passengers,Cosne Sur Loire,1785740860
EGGW-1785481660-1152,EGGW,LFAF,204,CARGO,235,kg cargo,Laon Chambry,1785827260
EGGW-1785481660-5711,EGGW,LFFQ,228,PAX,6,passengers,La Ferte Alais,1785740860
EGGW-1785481660-2672,EGGW,EGGW,0,PLEASURE,1,passengers,London Luton,1785827260
EGGW-1785481660-2572,EGGW,EGCJ,119,CARGO,73,kg cargo,Sherburn In Elmet,1785827260
EGCC-1785481660-9650,EGCC,EGCC,0,PLEASURE,3,passengers,Manchester Intl,1785827260
EGCC-1785481660-9375,EGCC,EBAW,279,CARGO,733,kg cargo,Antwerpen / Deurne,1785827260
EGKK-1785481660-7736,EGKK,EBVS,108,CARGO,301,kg cargo,Sint-Augustinus,1785740860
EGNH-1785481660-3162,EGNH,EGAE,163,CARGO,73,kg cargo,Londonderry Eglinton,1785740860
EGNH-1785481660-2209,EGNH,EGNH,0,PLEASURE,3,passengers,Blackpool,1785827260
EGNH-1785481660-5907,EGNH,EGOM,79,PAX,1,passengers,RAF Spadeadam,1785827260
KCCB-1785481660-5316,KCCB,KRIV,25,CARGO,106,kg cargo,March ARB,1785740860
KCCB-1785481660-9185,KCCB,KFFZ,300,CARGO,54,kg cargo,Falcon Field,1785740860
KCCB-1785481660-3710,KCCB,KMYF,83,PAX,2,passengers,Montgomery Fld,1785740860
KCCB-1785481660-1314,KCCB,KOKB,56,PAX,1,passengers,Oceanside Muni,1785913660
KCCB-1785481660-7348,KCCB,KCCB,0,PLEASURE,3,passengers,Cable,1785740860
KCCB-1785481660-8349,KCCB,KNUQ,291,CARGO,112,kg cargo,Moffett Federal AFLD,1785913660
KCLM-1785481660-9932,KCLM,KCLM,0,PLEASURE,2,passengers,William R Fairchild,1785827260
KCLM-1785481660-5026,KCLM,CYPZ,387,PAX,3,passengers,Burns Lake,1785740860
EGCB-1785481660-9423,EGCB,EGCB,0,PLEASURE,3,passengers,Manchester Barton,1785740860
EGCB-1785481660-6056,EGCB,EGCB,0,PLEASURE,1,passengers,Manchester Barton,1785913660
EGCB-1785481660-8826,EGCB,EDXN,393,CARGO,171,kg cargo,Nordholz - Spieka,1785827260
EGCB-1785481660-1025,EGCB,EGAL,154,CARGO,105,kg cargo,Langford Lodge,1785827260
CYBL-1785481660-4213,CYBL,CYBL,0,PLEASURE,1,passengers,Campbell River,1785827260
CYBL-1785481660-1649,CYBL,KSEA,191,CARGO,244,kg cargo,Seattle Tacoma Intl,1785913660
EGOQ-1785481660-9702,EGOQ,EGSX,189,PAX,5,passengers,North Weald,1785913660
EGOQ-1785481660-5531,EGOQ,EGOQ,0,PLEASURE,2,passengers,Mona,1785913660
KBNG-1785481660-3429,KBNG,KCMA,113,CARGO,307,kg cargo,Camarillo,1785827260
KBNG-1785481660-3473,KBNG,KBNG,0,PLEASURE,3,passengers,Banning Municipal,1785827260
KBNG-1785481660-7424,KBNG,KSUU,358,CARGO,388,kg cargo,Travis AFB,1785740860
KOSH-1785481660-2298,KOSH,KPNM,235,CARGO,88,kg cargo,Princeton Muni,1785827260
KOSH-1785481660-1732,KOSH,KMNN,317,CARGO,69,kg cargo,Marion Muni,1785740860
KCMA-1785481660-9152,KCMA,KEMT,53,CARGO,79,kg cargo,San Gabriel Valley Muni,1785827260
KCMA-1785481660-5786,KCMA,KSNS,192,CARGO,55,kg cargo,Salinas Muni,1785913660
KCMA-1785481660-4630,KCMA,KSNS,192,PAX,2,passengers,Salinas Muni,1785740860
KCMA-1785481660-2447,KCMA,KBFL,73,PAX,5,passengers,Meadows Field,1785740860
KCMA-1785481660-3997,KCMA,KPHX,356,PAX,3,passengers,Phoenix Sky Harbor Intl,1785913660
KCMA-1785481660-9394,KCMA,KSMO,34,PAX,3,passengers,Santa Monica Muni,1785740860
KCMA-1785481660-3058,KCMA,KHAF,258,CARGO,62,kg cargo,Half Moon Bay,1785827260
KCMA-1785481660-6424,KCMA,KGAB,288,PAX,2,passengers,Gabbs,1785827260
EGNS-1785481660-9040,EGNS,EGAA,66,PAX,1,passengers,Belfast Aldergrove,1785913660
EGNS-1785481660-8333,EGNS,EGDD,181,PAX,3,passengers,Bicester Airfield,1785740860
EGGP-1785481660-4124,EGGP,LFAD,316,CARGO,113,kg cargo,Compiegne Margny,1785827260
EGGP-1785481660-7233,EGGP,EHRD,278,PAX,5,passengers,Rotterdam The Hague,1785827260
EGGP-1785481660-4124,EGGP,EGXH,144,PAX,1,passengers,RAF Honington,1785913660
KFFZ-1785481660-4289,KFFZ,KFFZ,0,PLEASURE,2,passengers,Falcon Field,1785827260
KFFZ-1785481660-6176,KFFZ,KBNG,257,CARGO,535,kg cargo,Banning Municipal,1785913660
EGNS-1785486140-3447,EGNS,EGNS,0,PLEASURE,2,passengers,Isle Of Man Ronaldsway,1785918140
KFFZ-1785495847-1889,KFFZ,KHND,226,CARGO,299,kg cargo,Henderson Executive,1785755047
EGKK-1785495847-3203,EGKK,EGKK,0,PLEASURE,1,passengers,London Gatwick,1785755047
EGKK-1785495847-9828,EGKK,LFOH,98,CARGO,870,kg cargo,Le Havre Octeville,1785927847
EGKK-1785495847-4964,EGKK,LFDM,400,CARGO,923,kg cargo,Marmande Virazeil,1785841447
EGBB-1785495856-3309,EGBB,EGWN,54,PAX,7,passengers,RAF Halton,1785841456
EGBB-1785495880-5156,EGBB,EDKH,370,PAX,1,passengers,Huensborn,1785755080
EGBB-1785495896-8345,EGBB,LFGE,368,PAX,5,passengers,Avallon,1785755096
EGBB-1785495896-8045,EGBB,LFFW,332,PAX,1,passengers,Montaigu Saint Georges,1785927896
EGBB-1785495896-5560,EGBB,LFFG,293,PAX,5,passengers,La Ferte Gaucher,1785927896
KJFK-1785500676-2657,KJFK,KIUA,209,PAX,7,passengers,Canandaigua,1785932676
KJFK-1785500676-8498,KJFK,KJFK,0,PLEASURE,3,passengers,John F Kennedy Intl,1785759876
KJFK-1785500676-6954,KJFK,KJFK,0,PLEASURE,2,passengers,John F Kennedy Intl,1785932676
KJFK-1785500676-8901,KJFK,KJFK,0,PLEASURE,3,passengers,John F Kennedy Intl,1785932676
KJFK-1785500676-2661,KJFK,KRVL,175,CARGO,438,kg cargo,Mifflin County,1785846276
KJFK-1785500676-7542,KJFK,KOWK,299,CARGO,335,kg cargo,Central Maine/Norridgewock,1785673476
KFFZ-1785658501-7048,KFFZ,KFFZ,0,PLEASURE,1,passengers,Falcon Field,1785831301
KFFZ-1785658501-5421,KFFZ,KGUP,191,CARGO,914,kg cargo,Gallup Municipal,1785917701
KFFZ-1785658501-7804,KFFZ,KBDG,271,CARGO,274,kg cargo,Blanding Muni,1785744901
KCLM-1785658501-3117,KCLM,CZNL,259,PAX,5,passengers,Nelson,1786004101
KCLM-1785658501-3564,KCLM,KCLM,0,PLEASURE,1,passengers,William R Fairchild,1786090501
KCLM-1785658501-8929,KCLM,CYQZ,297,CARGO,64,kg cargo,Quesnel,1785917701
EGNX-1785658501-7899,EGNX,EIIH,215,PAX,5,passengers,Midlands Heliport,1786004101
EGNX-1785658501-2192,EGNX,LFGS,328,PAX,6,passengers,Longuyon Villette,1786090501
EGNX-1785658501-3009,EGNX,EGLM,82,CARGO,127,kg cargo,White Waltham,1785744901
EGNX-1785658501-6027,EGNX,EKTD,381,PAX,4,passengers,Toender,1786004101
EGNX-1785658501-7182,EGNX,EKSD,395,PAX,3,passengers,Spjald,1785744901
EGNX-1785658501-2073,EGNX,LFPT,258,CARGO,539,kg cargo,Pontoise Cormeilles,1785831301
EGNS-1785658501-6453,EGNS,EGER,311,PAX,5,passengers,Stronsay,1786004101
KBNG-1785658501-8860,KBNG,KRYN,305,CARGO,429,kg cargo,Ryan Fld,1785917701
KBNG-1785658501-7415,KBNG,KXTA,205,CARGO,752,kg cargo,Homey Airport,1785917701
KBNG-1785658501-1753,KBNG,KBNG,0,PLEASURE,4,passengers,Banning Municipal,1786004101
EGGP-1785658501-4509,EGGP,EGTU,149,CARGO,199,kg cargo,Dunkeswell,1786090501
EGGP-1785658501-1923,EGGP,EGGP,0,PLEASURE,4,passengers,Liverpool,1786004101
EGGP-1785658501-8961,EGGP,LFQL,271,CARGO,195,kg cargo,Benifontaine,1786004101
EGGP-1785658501-1690,EGGP,EGGP,0,PLEASURE,4,passengers,Liverpool,1785831301
EGGP-1785658501-2358,EGGP,EGGP,0,PLEASURE,4,passengers,Liverpool,1785917701
EGOQ-1785658501-3309,EGOQ,EGNF,114,CARGO,791,kg cargo,Netherthorpe,1785831301
EGOQ-1785658501-7673,EGOQ,EBLE,378,PAX,7,passengers,Sanicole,1786090501
EGOQ-1785658501-7462,EGOQ,EGOQ,0,PLEASURE,3,passengers,Mona,1785744901
EGOQ-1785658501-8559,EGOQ,EGFD,29,PAX,5,passengers,Llanbedr,1785917701
EGOQ-1785658501-9371,EGOQ,EGSA,195,PAX,8,passengers,Shipdham,1785917701
EGOQ-1785658501-8867,EGOQ,EIIR,185,CARGO,880,kg cargo,Inisheer,1785917701
KOSH-1785658501-4371,KOSH,KDLH,230,CARGO,54,kg cargo,Duluth Intl,1786004101
KOSH-1785658501-3260,KOSH,KSLO,321,CARGO,82,kg cargo,Salem Leckrone,1785917701
KOSH-1785658501-6359,KOSH,KUIN,270,PAX,1,passengers,Quincy Rgnl Baldwin Fld,1785831301
EGCK-1785658501-4282,EGCK,EBUL,311,PAX,10,passengers,Ursel,1786090501
EGCK-1785658501-4720,EGCK,EHHO,393,CARGO,254,kg cargo,Hoogeveen,1785744901
EGCK-1785658501-9780,EGCK,LFQA,396,PAX,6,passengers,Reims Prunay,1786090501
EGCK-1785658501-1463,EGCK,EGCK,0,PLEASURE,1,passengers,Caernarfon,1785831301
EGCK-1785658501-3411,EGCK,EGCK,0,PLEASURE,4,passengers,Caernarfon,1785831301
CYBL-1785658501-4373,CYBL,KCZK,291,PAX,1,passengers,Cascade Locks,1786090501
CYBL-1785658501-7488,CYBL,CYBL,0,PLEASURE,3,passengers,Campbell River,1785831301
CYBL-1785658501-8605,CYBL,CYRV,278,PAX,1,passengers,Revelstoke,1786004101
EGCC-1785658501-5385,EGCC,EBML,321,PAX,7,passengers,Assesse - Maillen,1785744901
EGCC-1785658501-8633,EGCC,EGUL,117,PAX,1,passengers,RAF Lakenheath,1785917701
EGNH-1785659224-5173,EGNH,LFRD,313,CARGO,71,kg cargo,Dinard Pleurtuit-St Malo,1786091224
EGNH-1785659224-6065,EGNH,EGMA,151,CARGO,102,kg cargo,Fowlmere,1785918424
EGNH-1785659224-5498,EGNH,EGCW,69,PAX,4,passengers,Welshpool,1785745624
EGNH-1785659224-5886,EGNH,ETHE,386,PAX,1,passengers,Rheine - Bentlage AAF,1786004824
EGNH-1785659224-2570,EGNH,EDWL,373,PAX,2,passengers,Langeoog,1785832024
